{
    "login": "vnglst",
    "id": 3457693,
    "avatar_url": "https://avatars.githubusercontent.com/u/3457693?v=3",
    "gravatar_id": "",
    "url": "https://api.github.com/users/vnglst",
    "html_url": "https://github.com/vnglst",
    "followers_url": "https://api.github.com/users/vnglst/followers",
    "following_url": "https://api.github.com/users/vnglst/following{/other_user}",
    "gists_url": "https://api.github.com/users/vnglst/gists{/gist_id}",
    "starred_url": "https://api.github.com/users/vnglst/starred{/owner}{/repo}",
    "subscriptions_url": "https://api.github.com/users/vnglst/subscriptions",
    "organizations_url": "https://api.github.com/users/vnglst/orgs",
    "repos_url": "https://api.github.com/users/vnglst/repos",
    "events_url": "https://api.github.com/users/vnglst/events{/privacy}",
    "received_events_url": "https://api.github.com/users/vnglst/received_events",
    "type": "User",
    "site_admin": false,
    "name": "Koen van Gilst",
    "company": null,
    "blog": "www.koenvangilst.nl",
    "location": "Utrecht, The Netherlands",
    "email": "koen@koenvangilst.nl",
    "hireable": true,
    "bio": "Web Developer & Translator | JavaScript, Node, Express, React | Creator of @TermSearch ",
    "public_repos": 45,
    "public_gists": 17,
    "followers": 21,
    "following": 75,
    "created_at": "2013-02-02T16:06:27Z",
    "updated_at": "2017-02-04T14:24:18Z"
  }